#Front,Back,Tags
What does the spacing effect say?,"Spreading practice over days beats the same time spent in one sitting.",studyskills
What does rereading mostly build?,"Familiarity — not recall.",studyskills
What is the testing effect?,"Testing yourself beats rereading for the same time spent.",studyskills
What is the illusion of competence?,"Feeling you know something because it reads or watches smoothly.",studyskills
What is desirable difficulty?,"Practice that feels harder but produces stronger memory.",studyskills
What does interleaving train?,"Telling similar things apart — discrimination.",studyskills
"In this system, when does a mistake become a flashcard?","When you have gotten it wrong twice.",studiolo
What is the practice app's question ladder?,"A missed question returns after +1 day, +3, +7, +14; a miss resets it to tomorrow.",studiolo
How far apart do topic reviews get on the learner map?,"+1, +3, +7, +14 days, stretching to +30 at level 4 and +60 at level 5; a level drop resets to +1.",studiolo
What do levels 1 and 3 mean on the learner map?,"1 = recognize it; 3 = apply it in a simple problem.",studiolo
"What happens first in every session, before opening notes?","Due reviews, then writing 3 things you recall cold.",studiolo
What is the Listener role?,"Teach the topic back — voice note, sketch, 5 lines — then get graded on what you missed.",studiolo
Why struggle 10 minutes before asking for help?,"Struggle is where memory forms; instant answers encode little.",studiolo
